3046,PINK,A3-67
3047,YELLOW,D3-41
3048,ORANGE,D2-37
3049,PINK,A3-68
3050,PINK,A3-69
3051,YELLOW,D3-114-15
3053,SILVER,D2-77
3056,RED,A3-1
3057,RED,A3-2
3058,RED,A3-5
3059,PINK,A3-70
3060,PINK,A3-71
3061,PINK,A3-72
3064,RED,A3-6
3065,RED,A3-7
3066,RED,A3-8
3067,RED,A3-9
3069,BROWN,D2-9
3071,NIC,D2-19
3073,RED,A3-10
3074,RED,A3-11
3078,RED,A3-12
3079,RED,A3-13
3082,NIC,D2-20
3083,YELLOW,D3-104
3084,YELLOW,D3-116-17
3086,RED,A3-14
3087,RED,A3-15
3088,RED,A3-16
3089,RED,A3-17
3090,LILAC,D2-17
3092,RED,A3-17A
3093,RED,A3-17B
3094,SILVER,D2-78
3095,SILVER,D2-79
3096,RED,A3-17C
3097,RED,A3-19
3098,RED,A3-20
3099,RED,A3-21
3100,NIC,D2-21
3101,NIC,D2-22
3102,NIC,D2-23
3105,RED,A3-22
3106,RED,A3-23
3107,RED,A3-24
3108,RED,A3-25
3110,ORANGE,D2-38
3112,ORANGE,D2-39
3114,RED,A3-26
3116,RED,A3-27
3117,RED,A3-28
3118,RED,A3-29
3119,RED,A3-30
3120,RED,A3-31
3121,RED,A3-32
3122,RED,A3-33
3123,YELLOW,D3-42
3124,RED,A3-DOOR
3125,RED,A3-DOOR
3126,RED,A3-34
3127,YELLOW,D3-118
3128,RED,A3-35
3129,NIC,D2-24
3130,ORANGE,D2-40
3131,PINK,A3-73
3132,YELLOW,D3-105
3133,RED,A3-36
3134,RED,A3-37
3135,RED,A3-38
3136,RED,A3-39
3137,NIC,D2-25
3138,SILVER,D2-80
3139,NIC,D2-26
3141,RED,A3-40
3142,RED,A3-41
3143,RED,A3-42
3144,NIC,D2-27
3145,RED,A3-43
3146,RED,A3-44
3147,RED,A3-45-46
3149,RED,A3-47
3153,RED,A3-TR18
3154,RED,A3-48-49
5850,BROWN,D2-1
5851,PINK,A3-74
5852,BROWN,D2-2
5853,AUST,D2-3
5854,MAC,D2-48
5855,MAC,D2-49
5856,MAC,D2-50
5857,MAC,D2-51
5858,MAC,D2-4
5859,MAC,D2-5
5860,PINK,A3-75
5861,PINK,A3-76
5862,PINK,A3-77
5864,PINK,A3-TR115
5992,BROWN,D2-10
5993,BROWN,D2-11
5994,BROWN,D2-12
5995,BROWN,D2-13
5996,BROWN,D2-6
5997,BROWN,D2-14
5998,BROWN,D2-15
5999,BROWN,D2-7
6005,RED,A3-51-52
6021,RED,A3-53-54
6022,RED,A3-55
6024,RED,A3-56-57
6027,RED,A3-58-59
6030,RED,A3-DOOR
6031,RED,A3-DOOR
6032,RED,A3-DOOR
6033,RED,A3-60-61
6036,RED,A3-62-63
6037,RED,A3-64-65
6038,RED,A3-155
6039,RED,A3-156
6040,RED,A3-157
6041,RED,A3-158
6042,RED,A3-159
6043,RED,A3-160
6046,RED,A3-161
6047,RED,A3-162
6048,RED,A3-163
6049,RED,A3-164
6050,RED,A3-165
6051,RED,A3-166
6052,RED,A3-167
6053,RED,A3-168
7497,RED,A3-169
8314,YELLOW,D3-43-4
8317,MAC,D2-52
8319,YELLOW,D3-106-07
8351,ORANGE,D2-41
8352,MAC,D2-53
8355,YELLOW,D3-108-09
8359,BROWN,D2-16
8360,MAC,D2-54
8362,PINK,A3-78
8363,YELLOW,D3-112
8364,ORANGE,D2-42
8365,YELLOW,D3-45-6
8368,ORANGE,D2-43
8371,ORANGE,D2-44
8377,PINK,A3-79
8379,PINK,A3-80
8381,YELLOW,D3-113
8404,NIC,D2-28
8412,PEACH,D2-18
8416,YELLOW,D3-47-8
8423,ORANGE,D2-45
8424,SILVER,D2-81-2
8425,SAM,D2-76
8429,MAC,D2-55
8521,YELLOW,D3-49-50
8524,MAC,D2-56
8525,ORANGE,D2-46
8529,YELLOW,D3-110-11
8530,PINK,A3-81
8961,MAC,D2-57
8962,MAC,D2-58
8964,MAC,D2-59
8966,ORANGE,D2-47
8967,MAC,D2-61
8969,MAC,D2-62
8970,SILVER,D2-83
8972,MAC,D2-63
8973,MAC,D2-64
8974,MAC,D2-65
8975,NIC,D2-36
8976,MAC,D2-66
8978,MAC,D2-67
8979,MAC,D2-68
8981,MAC,D2-69
8982,MAC,D2-70
8983,MAC,D2-71
8985,MAC,D2-72
8986,MAC,D2-73
8987,MAC,D2-74
8989,MAC,D2-75
9621,PINK,A3-82
9622,PINK,A3-83
9623,PINK,A3-84
9624,PINK,D2-8
9627,YELLOW,D3-119
9629,PINK,A3-85
9631,RED,A3-170
9632,PINK,A3-86
9633,PINK,A3-87
9638,RED,A3-TR18
9640,RED,A3-TR18
